{
  "credit": "Made with Blockbench",
  "parent": "builtin/entity",
  "texture_size": [
    32,
    32
  ],
  "gui_light": "front",
  "display": {
    "thirdperson_righthand": {
      "rotation": [
        -89,
        -2.51,
        -179.41
      ],
      "translation": [
        -0.25,
        5,
        -7.5
      ]
    },
    "thirdperson_lefthand": {
      "rotation": [
        -89,
        -2.51,
        -179.41
      ],
      "translation": [
        -0.25,
        5,
        -7.5
      ]
    },
    "firstperson_righthand": {
      "rotation": [
        -120.67,
        -3.11,
        -176.12
      ],
      "translation": [
        0,
        -3.25,
        -4.25
      ],
      "scale": [
        0.81640625,
        0.888671875,
        1
      ]
    },
    "firstperson_lefthand": {
      "rotation": [
        -120.67,
        -3.11,
        -176.12
      ],
      "translation": [
        0,
        -3.25,
        -4.25
      ],
      "scale": [
        0.81640625,
        0.888671875,
        1
      ]
    },
    "ground": {
      "translation": [
        0,
        -10,
        -0.75
      ]
    },
    "gui": {
      "rotation": [
        -115.99,
        45.06,
        131.36
      ],
      "translation": [
        4,
        -6.75,
        0
      ],
      "scale": [
        0.7265625,
        0.86328125,
        0.85546875
      ]
    },
    "head": {
      "rotation": [
        -180,
        -2.25,
        -180
      ],
      "translation": [
        0,
        -1.5,
        0
      ]
    },
    "fixed": {
      "rotation": [
        0,
        -89.25,
        0
      ],
      "translation": [
        2.25,
        -16.5,
        -0.75
      ],
      "scale": [
        1.947265625,
        1.732421875,
        1.884765625
      ]
    }
  }
}